{
    "agency": "HCSA",
    "sources": "../data/GOLD_CISA_model_config_data.json",
    "gentime": "20250319_1646",
    "occ_ser": [
        "2210"
    ],
    "years": [
        2011,
        2012,
        2013,
        2014,
        2015,
        2016,
        2017,
        2018,
        2019,
        2020,
        2021,
        2022,
        2023
    ],
    "averages": {
        "LOW_LEVEL_VARS": {
            "gov_init_population": {
                "min": 60.0,
                "max": 229.0,
                "mean": 134.92307692307693,
                "std": 58.325896961900675
            },
            "gov_init_auth": {
                "min": 60.0,
                "max": 229.0,
                "mean": 134.92307692307693,
                "std": 58.325896961900675
            },
            "gov_avg_experience": {
                "min": 60.0,
                "max": 229.0,
                "mean": 134.92307692307693,
                "std": 58.325896961900675
            },
            "gov_avg_sep_experience": {
                "min": 60.0,
                "max": 229.0,
                "mean": 134.92307692307693,
                "std": 58.325896961900675
            },
            "gov_avg_trnsfr_out_experience": {
                "min": 60.0,
                "max": 229.0,
                "mean": 134.92307692307693,
                "std": 58.325896961900675
            },
            "gov_avg_exits_experience": {
                "min": 60.0,
                "max": 229.0,
                "mean": 134.92307692307693,
                "std": 58.325896961900675
            },
            "gov_avg_retirement_experience": {
                "min": 60.0,
                "max": 229.0,
                "mean": 134.92307692307693,
                "std": 58.325896961900675
            },
            "gov_avg_acc_experience": {
                "min": 60.0,
                "max": 229.0,
                "mean": 134.92307692307693,
                "std": 58.325896961900675
            },
            "gov_avg_trnsfr_in_experience": {
                "min": 60.0,
                "max": 229.0,
                "mean": 134.92307692307693,
                "std": 58.325896961900675
            },
            "gov_avg_newhire_experience": {
                "min": 60.0,
                "max": 229.0,
                "mean": 134.92307692307693,
                "std": 58.325896961900675
            },
            "gov_avg_age": {
                "min": 60.0,
                "max": 229.0,
                "mean": 134.92307692307693,
                "std": 58.325896961900675
            },
            "gov_avg_sep_age": {
                "min": 60.0,
                "max": 229.0,
                "mean": 134.92307692307693,
                "std": 58.325896961900675
            },
            "gov_avg_trnsfr_out_age": {
                "min": 60.0,
                "max": 229.0,
                "mean": 134.92307692307693,
                "std": 58.325896961900675
            },
            "gov_avg_exits_age": {
                "min": 60.0,
                "max": 229.0,
                "mean": 134.92307692307693,
                "std": 58.325896961900675
            },
            "gov_avg_retirement_age": {
                "min": 60.0,
                "max": 229.0,
                "mean": 134.92307692307693,
                "std": 58.325896961900675
            },
            "gov_avg_acc_age": {
                "min": 60.0,
                "max": 229.0,
                "mean": 134.92307692307693,
                "std": 58.325896961900675
            },
            "gov_avg_trnsfr_in_age": {
                "min": 60.0,
                "max": 229.0,
                "mean": 134.92307692307693,
                "std": 58.325896961900675
            },
            "gov_avg_newhire_age": {
                "min": 60.0,
                "max": 229.0,
                "mean": 134.92307692307693,
                "std": 58.325896961900675
            },
            "gov_growth_rate": {
                "min": 60.0,
                "max": 229.0,
                "mean": 134.92307692307693,
                "std": 58.325896961900675
            },
            "gov_hiring_rate": {
                "min": 60.0,
                "max": 229.0,
                "mean": 134.92307692307693,
                "std": 58.325896961900675
            },
            "gov_trnsfr_in_rate": {
                "min": 60.0,
                "max": 229.0,
                "mean": 134.92307692307693,
                "std": 58.325896961900675
            },
            "gov_init_avg_salary": {
                "min": 60.0,
                "max": 229.0,
                "mean": 134.92307692307693,
                "std": 58.325896961900675
            },
            "gov_separation_rate": {
                "min": 60.0,
                "max": 229.0,
                "mean": 134.92307692307693,
                "std": 58.325896961900675
            },
            "gov_retirement_rate": {
                "min": 60.0,
                "max": 229.0,
                "mean": 134.92307692307693,
                "std": 58.325896961900675
            }
        }
    },
    "auth_fill_rate": {
        "min": 1.0,
        "max": 1.0,
        "mean": 1.0,
        "std": 0.0
    },
    "gov_hist_cola": {
        "min": 0.0,
        "max": 4.1,
        "mean": 1.4076923076923076,
        "std": 1.1771869990656672
    },
    "gov_init_population": {
        "min": 294.0,
        "max": 1180.0,
        "mean": 649.1538461538462,
        "std": 261.0104870670417
    },
    "gov_init_auth": {
        "min": 322.0,
        "max": 1298.0,
        "mean": 713.8461538461538,
        "std": 287.0057624723024
    },
    "gov_avg_experience": {
        "min": 5.316139971139971,
        "max": 6.222122132572906,
        "mean": 5.807724853862861,
        "std": 0.27831640024907384
    },
    "gov_avg_sep_experience": {
        "min": 0.5,
        "max": 8.333333333333334,
        "mean": 4.645801282051282,
        "std": 2.485684478804483
    },
    "gov_avg_trnsfr_out_experience": {
        "min": 3.5816666666666666,
        "max": 11.9625,
        "mean": 8.073326007326006,
        "std": 2.8310928889524307
    },
    "gov_avg_exits_experience": {
        "min": 2.0687179487179486,
        "max": 5.445897435897436,
        "mean": 4.1157390078080125,
        "std": 1.1270844104526716
    },
    "gov_avg_retirement_experience": {
        "min": 12.4,
        "max": 40.0,
        "mean": 20.980625,
        "std": 7.8840984086833314
    },
    "gov_avg_acc_experience": {
        "min": 0.0,
        "max": 5.052777777777778,
        "mean": 2.7487619047619045,
        "std": 1.785476892336509
    },
    "gov_avg_trnsfr_in_experience": {
        "min": 3.0,
        "max": 22.7,
        "mean": 8.625435846560846,
        "std": 4.904430151638002
    },
    "gov_avg_newhire_experience": {
        "min": 1.4499506532115227,
        "max": 3.1663624338624334,
        "mean": 2.2448990320127975,
        "std": 0.5236868936841366
    },
    "gov_avg_age": {
        "min": 37.960731446452286,
        "max": 39.947768002606715,
        "mean": 39.061023334501925,
        "std": 0.4881089211806446
    },
    "gov_avg_sep_age": {
        "min": 32.0,
        "max": 52.0,
        "mean": 40.3974358974359,
        "std": 7.205158769981479
    },
    "gov_avg_trnsfr_out_age": {
        "min": 37.763888888888886,
        "max": 47.75,
        "mean": 41.775122100122104,
        "std": 3.1932734239344547
    },
    "gov_avg_exits_age": {
        "min": 27.25,
        "max": 39.61904761904762,
        "mean": 34.885182887332206,
        "std": 3.3784262020389186
    },